Date,Time,TT01 (Â°C),TT02 (Â°C),TT02 bis (Â°C),TT03 (Â°C),TT03 bis,TT04 (Â°C),TT05 (Â°C),TT05 bis,FIC01 PV (L/min),FIC01 OP (%),FT02 (L/min),FT03 (L/min),FT04 (L/min),FT05 (L/min),FT06 (L/min),PT01 (bar),PIC02 PV (bar),PIC02 OP (%),PT03 (bar),PT04 (bar),CT01 (mS),CT02 (mS),CT03 (ÂµS)
27/02/2023,13:40:21,21.2,21.3,20.7,22,21.5,21.7,22.4,20.8,0,100,0,0,0,0,0,-0.1,0.1,100,0,0,0.014,1.374,78
27/02/2023,13:40:21,21.2,21.3,20.7,22,21.5,21.7,22.4,20.8,0,100,0,0,0,0,0,-0.1,0.1,100,0,0,0.014,1.374,78
27/02/2023,13:40:26,21.2,21.3,20.7,22,21.5,21.7,22.4,20.8,0,100,0,0,0,0,0,-0.1,0.1,100,0,0,0.013,1.388,86
27/02/2023,13:40:31,21.2,21.3,20.7,22,21.5,21.7,22.4,20.8,0,100,0,0,0,0,0,-0.1,0.1,100,0,0,0.013,1.389,87
27/02/2023,13:40:36,21.2,21.4,20.7,22,21.5,21.7,22.4,20.8,0,100,0,0,0,0,0,-0.1,0.1,100,0,0,0.013,1.395,88
27/02/2023,13:40:41,21.2,21.3,20.7,22,21.5,21.7,22.4,20.8,0,100,0,0,0,0,0,-0.1,0.1,100,0,0,0.013,1.394,88
27/02/2023,13:40:46,21.2,21.3,20.7,22,21.5,21.7,22.4,20.8,0,100,0,0,0,0,0,-0.1,0.1,100,0,0,0.014,1.403,87
27/02/2023,13:40:51,21.2,21.3,20.7,22,21.5,21.7,22.4,20.8,0,100,0,0,0,0,0,-0.1,0.1,100,0,0,0.011,1.403,88
27/02/2023,13:40:56,21.2,21.3,20.7,22,21.5,21.7,22.4,20.8,0,100,0,0,0,0,0,-0.1,0.1,100,0,0,0.01,1.396,88
27/02/2023,13:41:01,21.2,21.3,20.7,22,21.5,21.7,22.4,20.8,0,100,0,0,0,0,0,-0.1,0.1,100,0,0,0.014,1.401,88
27/02/2023,13:41:06,21.2,21.3,20.7,22,21.5,21.7,22.4,20.8,0,100,0,0,0,0,0,-0.1,0.1,100,0,0,0.013,1.404,87
27/02/2023,13:41:11,21.2,21.3,20.7,22,21.5,21.7,22.4,20.8,0,100,0,0,0,0,0,-0.1,0.1,100,0,0,0.013,1.403,88
27/02/2023,13:41:16,21.2,21.3,20.7,22,21.4,21.7,22.4,20.8,0,100,0,0,0,0,0,-0.1,0.1,100,0,0,0.01,1.403,87
27/02/2023,13:41:21,21.2,21.3,20.7,22,21.5,21.7,22.4,20.8,0,100,0,0,0,0,0,-0.1,0.1,100,0,0,0.013,1.404,88
27/02/2023,13:41:26,21.2,21.3,20.7,22,21.5,21.7,22.4,20.8,0,100,0,0,0,0,0,-0.1,0.1,100,0,0,0.013,1.403,87
27/02/2023,13:41:31,21.2,21.3,20.7,22,21.5,21.7,22.4,20.8,0,100,0,0,0,0,0,-0.1,0.1,100,0,0,0.013,1.403,88
27/02/2023,13:41:36,21.2,21.3,20.7,22,21.5,21.7,22.4,20.8,0,100,0,0,0,0,0,-0.1,0.1,100,0,0,0.013,1.401,87
27/02/2023,13:41:41,21.2,21.4,20.7,22,21.4,21.7,22.4,20.8,0,100,0,0,0,0,0,-0.1,0.1,100,0,0,0.014,1.403,88
27/02/2023,13:41:46,21.2,21.3,20.7,22,21.5,21.7,22.4,20.8,0,100,0,0,0,0,0,-0.1,0.1,100,0,0,0.01,1.404,88
27/02/2023,13:41:51,21.2,21.3,20.7,22,21.5,21.7,22.4,20.8,0,100,0,0,0,0,0,-0.1,0.1,100,0,0,0.011,1.41,87
27/02/2023,13:41:56,21.2,21.3,20.7,22,21.5,21.7,22.4,20.8,0,100,0,0,0,0,0,-0.1,0.1,100,0,0,0.01,1.409,88
27/02/2023,13:42:01,21.2,21.3,20.7,22,21.5,21.7,22.4,20.8,0,100,0,0,0,0,0,-0.1,0.1,100,0,0,0.011,1.409,87
27/02/2023,13:42:06,21.2,21.3,20.7,22,21.5,21.7,22.4,20.8,0,100,0,0,0,0,0,-0.1,0.1,100,0,0,0.01,1.401,88
27/02/2023,13:42:11,21.2,21.3,20.7,22,21.5,21.7,22.4,20.8,0,100,0,0,0,0,0,-0.1,0.1,100,0,0,0.009,1.403,88
27/02/2023,13:42:16,21.2,21.3,20.7,22,21.5,21.7,22.4,20.8,0,100,0,0,0,0,0,-0.1,0.1,100,0,0,0.011,1.401,88
27/02/2023,13:42:21,21.2,21.3,20.7,22,21.5,21.7,22.4,20.8,0,100,0,0,0,0,0,-0.1,0.1,100,0,0,0.01,1.41,88
27/02/2023,13:42:26,21.2,21.3,20.7,22,21.5,21.7,22.4,20.8,0,100,0,0,0,0,0,-0.1,0.1,100,0,0,0.013,1.409,88
27/02/2023,13:42:31,21.2,21.3,20.7,22,21.5,21.7,22.4,20.8,0,100,0,0,0,0,0,-0.1,0.1,100,0,0,0.011,1.409,88
27/02/2023,13:42:36,21.2,21.3,20.7,22,21.4,21.7,22.4,20.8,0,100,0,0,0,0,0,-0.1,0.1,100,0,0,0.009,1.409,87
27/02/2023,13:42:41,21.2,21.3,20.7,22,21.5,21.7,22.4,20.8,0,100,0,0,0,0,0,-0.1,0.1,100,0,0,0.011,1.409,88
27/02/2023,13:42:46,21.2,21.3,20.7,22,21.5,21.7,22.4,20.8,0,100,0,0,0,0,0,-0.1,0.1,100,0,0,0.009,1.409,88
27/02/2023,13:42:51,21.2,21.3,20.7,22,21.4,21.7,22.4,20.8,0,100,0,0,0,0,0,-0.1,0.1,100,0,0,0.009,1.401,88
27/02/2023,13:42:56,21.2,21.3,20.7,22,21.5,21.7,22.4,20.8,0,100,0,0,0,0,0,-0.1,0.1,100,0,0,0.01,1.401,88
27/02/2023,13:43:01,21.2,21.3,20.7,22,21.5,21.7,22.4,20.8,0,100,0,0,0,0,0,-0.1,0.1,100,0,0,0.009,1.409,87
27/02/2023,13:43:06,21.2,21.3,20.7,22,21.5,21.7,22.4,20.8,0,100,0,0,0,0,0,-0.1,0.1,100,0,0,0.011,1.4,87
27/02/2023,13:43:11,21.2,21.3,20.7,22,21.5,21.7,22.4,20.8,0,100,0,0,0,0,0,-0.1,0.1,100,0,0,0.01,1.408,88
27/02/2023,13:43:16,21.2,21.4,20.7,22,21.5,21.7,22.4,20.8,0,100,0,0,0,0,0,-0.1,0.1,100,0,0,0.01,1.4,88
27/02/2023,13:43:21,21.2,21.3,20.7,22,21.5,21.7,22.4,20.8,0,100,0,0,0,0,0,-0.1,0.1,100,0,0,0.008,1.4,88
27/02/2023,13:43:26,21.2,21.3,20.7,22,21.5,21.7,22.4,20.8,0,100,0,0,0,0,0,-0.1,0.1,100,0,0,0.01,1.4,87
27/02/2023,13:43:31,21.2,21.3,20.7,22,21.5,21.7,22.4,20.8,0,100,0,0,0,0,0,-0.1,0.1,100,0,0,0.01,1.401,88
27/02/2023,13:43:36,21.2,21.3,20.7,22,21.5,21.7,22.4,20.8,0,100,0,0,0,0,0,-0.1,0.1,100,0,0,0.01,1.401,88
27/02/2023,13:43:41,21.2,21.3,20.7,22,21.5,21.7,22.4,20.8,0,100,0,0,0,0,0,-0.1,0.1,100,0,0,0.01,1.401,87
27/02/2023,13:43:46,21.2,21.3,20.7,22,21.5,21.7,22.4,20.8,0,100,0,0,0,0,0,-0.1,0.1,100,0,0,0.01,1.403,87
27/02/2023,13:43:51,21.2,21.3,20.7,22,21.5,21.7,22.4,20.8,0,100,0,0,0,0,0,-0.1,0.1,100,0,0,0.011,1.409,87
27/02/2023,13:43:56,21.2,21.3,20.7,22,21.5,21.7,22.4,20.8,0,100,0,0,0,0,0,-0.1,0.1,100,0,0,0.009,1.401,88
27/02/2023,13:44:01,21.2,21.3,20.7,22,21.5,21.7,22.4,20.8,0,100,0,0,0,0,0,-0.1,0.1,100,0,0,0.008,1.401,88
27/02/2023,13:44:06,21.2,21.3,20.7,22,21.4,21.7,22.4,20.8,0,100,0,0,0,0,0,-0.1,0.1,100,0,0,0.008,1.401,88
27/02/2023,13:44:11,21.2,21.3,20.7,22,21.5,21.7,22.4,20.8,0,100,0,0,0,0,0,-0.1,0.1,100,0,0,0.011,1.409,88
27/02/2023,13:44:16,21.2,21.3,20.7,22,21.5,21.7,22.4,20.8,0,100,0,0,0,0,0,-0.1,0.1,100,0,0,0.009,1.409,88
27/02/2023,13:44:21,21.2,21.3,20.7,22,21.5,21.7,22.4,20.8,0,100,0,0,0,0,0,-0.1,0.1,100,0,0,0.009,1.401,88
27/02/2023,13:44:26,21.2,21.3,20.7,22,21.4,21.7,22.4,20.8,0,100,0,0,0,0,0,-0.1,0.1,100,0,0,0.01,1.401,87
27/02/2023,13:44:31,21.2,21.4,20.7,22,21.5,21.7,22.4,20.8,0,100,0,0,0,0,0,-0.1,0.1,100,0,0,0.01,1.394,88
27/02/2023,13:44:36,21.2,21.3,20.7,22,21.5,21.7,22.4,20.8,0,100,0,0,0,0,0,-0.1,0.1,100,0,0,0.008,1.401,87
27/02/2023,13:44:41,21.2,21.3,20.7,22,21.4,21.7,22.4,20.8,0,100,0,0,0,0,0,-0.1,0.1,100,0,0,0.01,1.399,88
27/02/2023,13:44:46,21.2,21.3,20.7,22,21.5,21.7,22.4,20.8,0,100,0,0,0,0,0,-0.1,0.1,100,0,0,0.01,1.4,88
27/02/2023,13:44:51,21.2,21.3,20.7,22,21.5,21.7,22.4,20.8,0,100,0,0,0,0,0,-0.1,0.1,100,0,0,0.008,1.4,87
27/02/2023,13:44:56,21.2,21.3,20.7,22,21.5,21.7,22.4,20.8,0,100,0,0,0,0,0,-0.1,0.1,100,0,0,0.009,1.394,88
27/02/2023,13:45:01,21.2,21.3,20.7,22,21.5,21.7,22.4,20.8,0,100,0,0,0,0,0,-0.1,0.1,100,0,0,0.009,1.395,87
27/02/2023,13:45:06,21.2,21.3,20.7,22,21.5,21.7,22.4,20.8,0,100,0,0,0,0,0,-0.1,0.1,100,0,0,0.011,1.401,87
27/02/2023,13:45:11,21.2,21.3,20.7,22,21.4,21.7,22.4,20.8,0,100,0,0,0,0,0,-0.1,0.1,100,0,0,0.009,1.4,87
27/02/2023,13:45:16,21.2,21.3,20.7,22,21.5,21.7,22.4,20.8,0,100,0,0,0,0,0,-0.1,0.1,100,0,0,0.009,1.409,88
27/02/2023,13:45:21,21.2,21.3,20.7,22,21.5,21.7,22.4,20.8,0,100,0,0,0,0,0,-0.1,0.1,100,0,0,0.008,1.406,87
27/02/2023,13:45:26,21.2,21.3,20.7,22,21.5,21.7,22.4,20.8,0,100,0,0,0,0,0,-0.1,0.1,100,0,0,0.008,1.409,88
27/02/2023,13:45:31,21.2,21.3,20.7,22,21.5,21.7,22.4,20.8,0,100,0,0,0,0,0,-0.1,0.1,100,0,0,0.009,1.408,87
27/02/2023,13:45:36,21.2,21.3,20.7,22,21.5,21.7,22.4,20.8,0,100,0,0,0,0,0,-0.1,0.1,100,0,0,0.009,1.409,88
27/02/2023,13:45:41,21.2,21.3,20.7,22,21.5,21.7,22.4,20.8,0,100,0,0,0,0,0,-0.1,0.1,100,0,0,0.008,1.408,88
27/02/2023,13:45:46,21.2,21.3,20.7,22,21.5,21.7,22.4,20.8,0,100,0,0,0,0,0,-0.1,0.1,100,0,0,0.006,1.406,87
27/02/2023,13:45:51,21.2,21.3,20.7,22,21.5,21.7,22.4,20.8,0,100,0,0,0,0,0,-0.1,0.1,100,0,0,0.006,1.406,88
27/02/2023,13:45:56,21.2,21.4,20.7,22,21.5,21.7,22.4,20.8,0,100,0,0,0,0,0,-0.1,0.1,100,0,0,0.008,1.401,88
27/02/2023,13:46:01,21.2,21.3,20.7,22,21.4,21.7,22.4,20.8,0,100,0,0,0,0,0,-0.1,0.1,100,0,0,0.008,1.399,87
27/02/2023,13:46:06,21.2,21.3,20.7,22,21.5,21.7,22.4,20.8,0,100,0,0,0,0,0,-0.1,0.1,100,0,0,0.008,1.4,87
27/02/2023,13:46:11,21.2,21.3,20.7,22,21.4,21.7,22.4,20.8,0,100,0,0,0,0,0,-0.1,0.1,100,0,0,0.008,1.4,87
27/02/2023,13:46:16,21.2,21.3,20.7,22,21.5,21.7,22.4,20.8,0,100,0,0,0,0,0,-0.1,0.1,100,0,0,0.006,1.4,87
27/02/2023,13:46:21,21.2,21.4,20.7,22,21.5,21.7,22.4,20.8,0,100,0,0,0,0,0,-0.1,0.1,100,0,0,0.008,1.4,88
27/02/2023,13:46:26,21.2,21.3,20.7,22,21.5,21.7,22.4,20.8,0,100,0,0,0,0,0,-0.1,0.1,100,0,0,0.005,1.406,87
27/02/2023,13:46:31,21.2,21.4,20.7,22,21.5,21.7,22.4,20.8,0,100,0,0,0,0,0,-0.1,0.1,100,0,0,0.006,1.408,87
27/02/2023,13:46:36,21.2,21.3,20.7,22,21.5,21.7,22.4,20.8,0,100,0,0,0,0,0,-0.1,0.1,100,0,0,0.008,1.405,87
27/02/2023,13:46:41,21.2,21.3,20.7,22,21.5,21.7,22.4,20.8,0,100,0,0,0,0,0,-0.1,0.1,100,0,0,0.006,1.408,87
27/02/2023,13:46:46,21.2,21.4,20.7,22,21.5,21.7,22.4,20.8,0,100,0,0,0,0,0,-0.1,0.1,100,0,0,0.008,1.408,87
27/02/2023,13:46:51,21.2,21.3,20.7,22,21.5,21.7,22.4,20.8,0,100,0,0,0,0,0,-0.1,0.1,100,0,0,0.006,1.399,88
27/02/2023,13:46:56,21.2,21.3,20.7,22,21.5,21.7,22.4,20.8,0,100,0,0,0,0,0,-0.1,0.1,100,0,0,0.006,1.4,87
27/02/2023,13:47:01,21.2,21.3,20.7,22,21.5,21.7,22.4,20.8,0,100,0,0,0,0,0,-0.1,0.1,100,0,0,0.009,1.401,87
27/02/2023,13:47:06,21.2,21.3,20.7,22,21.5,21.7,22.4,20.8,0,100,0,0,0,0,0,-0.1,0.1,100,0,0,0.008,1.4,88
27/02/2023,13:47:11,21.2,21.3,20.7,22,21.5,21.7,22.4,20.8,0,100,0,0,0,0,0,-0.1,0.1,100,0,0,0.006,1.399,88
27/02/2023,13:47:16,21.2,21.3,20.7,22,21.4,21.7,22.4,20.8,0,100,0,0,0,0,0,-0.1,0.1,100,0,0,0.005,1.399,87
27/02/2023,13:47:21,21.2,21.3,20.7,22,21.5,21.7,22.4,20.8,0,100,0,0,0,0,0,-0.1,0.1,100,0,0,0.005,1.398,87
27/02/2023,13:47:26,21.2,21.4,20.7,22,21.4,21.7,22.4,20.8,0,100,0,0,0,0,0,-0.1,0.1,100,0,0,0.006,1.399,88
27/02/2023,13:47:31,21.2,21.3,20.7,22,21.4,21.7,22.4,20.8,0,100,0,0,0,0,0,-0.1,0.1,100,0,0,0.006,1.399,87
27/02/2023,13:47:36,21.2,21.3,20.7,22,21.5,21.7,22.4,20.8,0,100,0,0,0,0,0,-0.1,0.1,100,0,0,0.006,1.399,87
27/02/2023,13:47:41,21.2,21.3,20.7,22,21.5,21.7,22.4,20.8,0,100,0,0,0,0,0,-0.1,0.1,100,0,0,0.008,1.399,87
27/02/2023,13:47:46,21.2,21.3,20.7,22,21.5,21.8,22.4,20.8,0,100,0,0,0,0,0,-0.1,0.1,100,0,0,0.006,1.399,87
27/02/2023,13:47:51,21.2,21.3,20.7,22,21.4,21.7,22.4,20.8,0,100,0,0,0,0,0,-0.1,0.1,100,0,0,0.006,1.399,87
27/02/2023,13:47:56,21.2,21.3,20.7,22,21.5,21.8,22.4,20.8,0,100,0,0,0,0,0,-0.1,0.1,100,0,0,0.006,1.4,87
27/02/2023,13:48:01,21.2,21.3,20.7,22,21.5,21.8,22.4,20.8,0,100,0,0,0,0,0,-0.1,0.1,100,0,0,0.006,1.4,88
27/02/2023,13:48:06,21.2,21.4,20.7,22,21.5,21.8,22.4,20.8,0,100,0,0,0,0,0,-0.1,0.1,100,0,0,0.01,1.406,87
27/02/2023,13:48:11,21.2,21.3,20.7,22,21.5,21.8,22.4,20.8,0,100,0,0,0,0,0,-0.1,0.1,100,0,0,0.006,1.408,87
27/02/2023,13:48:16,21.2,21.3,20.7,22,21.5,21.8,22.4,20.8,0,100,0,0,0,0,0,-0.1,0.1,100,0,0,0.008,1.4,87
27/02/2023,13:48:21,21.2,21.3,20.7,22,21.5,21.8,22.4,20.8,0,100,0,0,0,0,0,-0.1,0.1,100,0,0,0.008,1.399,88
27/02/2023,13:48:26,21.2,21.3,20.7,22,21.4,21.8,22.4,20.8,0,100,0,0,0,0,0,-0.1,0.1,100,0,0,0.006,1.405,88
27/02/2023,13:48:31,21.2,21.4,20.7,22,21.5,21.8,22.4,20.8,0,100,0,0,0,0,0,-0.1,0.1,100,0,0,0.005,1.405,88
27/02/2023,13:48:36,21.2,21.3,20.7,22,21.5,21.8,22.4,20.8,0,100,0,0,0,0,0,-0.1,0.1,100,0,0,0.009,1.406,88
27/02/2023,13:48:41,21.2,21.3,20.7,22,21.5,21.8,22.4,20.8,0,100,0,0,0,0,0,-0.1,0.1,100,0,0,0.006,1.399,88
27/02/2023,13:48:46,21.2,21.3,20.7,22,21.5,21.8,22.4,20.8,0,100,0,0,0,0,0,-0.1,0.1,100,0,0,0.008,1.399,88
27/02/2023,13:48:51,21.2,21.3,20.7,22,21.5,21.8,22.4,20.8,0,100,0,0,0,0,0,-0.1,0.1,100,0,0,0.006,1.398,88
27/02/2023,13:48:56,21.2,21.3,20.7,22,21.5,21.8,22.4,20.8,0,100,0,0,0,0,0,-0.1,0.1,100,0,0,0.005,1.398,87
27/02/2023,13:49:01,21.2,21.3,20.7,22,21.4,21.8,22.4,20.8,0,100,0,0,0,0,0,-0.1,0.1,100,0,0,0.008,1.405,88
27/02/2023,13:49:06,21.2,21.3,20.7,22,21.4,21.8,22.4,20.8,0,100,0,0,0,0,0,-0.1,0.1,100,0,0,0.005,1.406,88
27/02/2023,13:49:11,21.2,21.3,20.7,22,21.5,21.8,22.4,20.8,0,100,0,0,0,0,0,-0.1,0.1,100,0,0,0.006,1.406,88
27/02/2023,13:49:16,21.2,21.3,20.7,22,21.5,21.8,22.4,20.8,0,100,0,0,0,0,0,-0.1,0.1,100,0,0,0.006,1.399,88
27/02/2023,13:49:21,21.2,21.3,20.7,22,21.4,21.8,22.4,20.8,0,100,0,0,0,0,0,-0.1,0.1,100,0,0,0.006,1.399,87
27/02/2023,13:49:26,21.2,21.3,20.7,22,21.5,21.8,22.4,20.8,0,100,0,0,0,0,0,-0.1,0.1,100,0,0,0.006,1.398,87
27/02/2023,13:49:31,21.2,21.3,20.7,22,21.5,21.8,22.4,20.8,0,100,0,0,0,0,0,-0.1,0.1,100,0,0,0.004,1.405,87
27/02/2023,13:49:36,21.2,21.3,20.7,22,21.5,21.8,22.4,20.8,0,100,0,0,0,0,0,-0.1,0.1,100,0,0,0.006,1.399,87
27/02/2023,13:49:41,21.2,21.3,20.7,22,21.4,21.8,22.4,20.8,0,100,0,0,0,0,0,-0.1,0.1,100,0,0,0.005,1.398,87
27/02/2023,13:49:46,21.2,21.3,20.7,22,21.5,21.8,22.4,20.8,0,100,0,0,0,0,0,-0.1,0.1,100,0,0,0.005,1.399,87
27/02/2023,13:49:51,21.2,21.3,20.7,22,21.4,21.8,22.4,20.8,0,100,0,0,0,0,0,-0.1,0.1,100,0,0,0.005,1.399,87
27/02/2023,13:49:56,21.2,21.3,20.7,22,21.5,21.8,22.4,20.8,0,100,0,0,0,0,0,-0.1,0.1,100,0,0,0.003,1.398,88
27/02/2023,13:50:01,21.2,21.3,20.7,22,21.4,21.8,22.4,20.8,0,100,0,0,0,0,0,-0.1,0.1,100,0,0,0.005,1.39,88
27/02/2023,13:50:06,21.2,21.3,20.7,22,21.4,21.8,22.4,20.8,0,100,0,0,0,0,0,-0.1,0.1,100,0,0,0.006,1.399,88
27/02/2023,13:50:11,21.2,21.3,20.7,22,21.4,21.8,22.4,20.8,0,100,0,0,0,0,0,-0.1,0.1,100,0,0,0.004,1.398,87
27/02/2023,13:50:16,21.2,21.3,20.7,22,21.5,21.9,22.4,20.8,0,100,0,0,0,0,0,-0.1,0.1,100,0,0,0.005,1.399,88
27/02/2023,13:50:21,21.2,21.3,20.7,22,21.5,21.9,22.4,20.8,0,100,0,0,0,0,0,-0.1,0.1,100,0,0,0.005,1.399,87
27/02/2023,13:50:26,21.2,21.4,20.7,22,21.5,21.9,22.4,20.8,0,100,0,0,0,0,0,-0.1,0.1,100,0,0,0.006,1.396,87
27/02/2023,13:50:31,21.2,21.3,20.7,22,21.4,21.9,22.4,20.8,0,100,0,0,0,0,0,-0.1,0.1,100,0,0,0.004,1.399,88
27/02/2023,13:50:36,21.2,21.3,20.7,22,21.4,21.9,22.4,20.8,0,100,0,0,0,0,0,-0.1,0.1,100,0,0,0.006,1.399,87
27/02/2023,13:50:41,21.2,21.3,20.7,22,21.4,21.9,22.4,20.8,0,100,0,0,0,0,0,-0.1,0.1,100,0,0,0.008,1.398,88
27/02/2023,13:50:46,21.2,21.3,20.7,22,21.4,21.9,22.4,20.8,0,100,0,0,0,0,0,-0.1,0.1,100,0,0,0.008,1.398,87
27/02/2023,13:50:51,21.2,21.3,20.7,22,21.4,21.9,22.4,20.8,0,100,0,0,0,0,0,-0.1,0.1,100,0,0,0.008,1.399,87
27/02/2023,13:50:56,21.2,21.3,20.7,22,21.4,21.9,22.4,20.8,0,100,0,0,0,0,0,-0.1,0.1,100,0,0,0.008,1.396,88
27/02/2023,13:51:01,21.2,21.3,20.7,22,21.4,21.9,22.4,20.8,0,100,0,0,0,0,0,-0.1,0.1,100,0,0,0.008,1.399,87
27/02/2023,13:51:06,21.2,21.3,20.7,22,21.5,21.9,22.4,20.8,0,100,0,0,0,0,0,-0.1,0.1,100,0,0,0.006,1.399,87
27/02/2023,13:51:11,21.2,21.3,20.7,22,21.4,21.9,22.4,20.8,0,100,0,0,0,0,0,-0.1,0.1,100,0,0,0.006,1.398,87
27/02/2023,13:51:16,21.2,21.3,20.7,22,21.4,21.9,22.4,20.8,0,100,0,0,0,0,0,-0.1,0.1,100,0,0,0.006,1.398,88
27/02/2023,13:51:21,21.2,21.3,20.7,22,21.4,21.9,22.4,20.8,0,100,0,0,0,0,0,-0.1,0.1,100,0,0,0.005,1.404,88
27/02/2023,13:51:26,21.2,21.4,20.7,22,21.4,21.9,22.4,20.8,0,100,0,0,0,0,0,-0.1,0.1,100,0,0,0.006,1.398,87
27/02/2023,13:51:31,21.2,21.3,20.7,22,21.4,21.9,22.4,20.8,0,100,0,0,0,0,0,-0.1,0.1,100,0,0,0.006,1.396,87
27/02/2023,13:51:36,21.2,21.3,20.7,22,21.4,21.9,22.4,20.8,0,100,0,0,0,0,0,-0.1,0.1,100,0,0,0.004,1.403,88
27/02/2023,13:51:41,21.2,21.3,20.7,22,21.4,21.9,22.4,20.8,0,100,0,0,0,0,0,-0.1,0.1,100,0,0,0.009,1.405,87
27/02/2023,13:51:46,21.2,21.3,20.7,22,21.5,21.9,22.4,20.8,0,100,0,0,0,0,0,-0.1,0.1,100,0,0,0.005,1.405,88
27/02/2023,13:51:51,21.2,21.3,20.7,22,21.4,21.9,22.4,20.8,0,100,0,0,0,0,0,-0.1,0.1,100,0,0,0.006,1.398,87
27/02/2023,13:51:56,21.2,21.3,20.7,22,21.4,21.9,22.4,20.8,0,100,0,0,0,0,0,-0.1,0.1,100,0,0,0.006,1.399,87
27/02/2023,13:52:01,21.2,21.3,20.7,22,21.4,21.9,22.4,20.8,0,100,0,0,0,0,0,-0.1,0.1,100,0,0,0.004,1.398,87
27/02/2023,13:52:06,21.2,21.3,20.7,22,21.4,21.9,22.4,20.8,0,100,0,0,0,0,0,-0.1,0.1,100,0,0,0.004,1.399,88
27/02/2023,13:52:11,21.2,21.3,20.7,22,21.4,21.9,22.4,20.8,0,100,0,0,0,0,0,-0.1,0.1,100,0,0,0.004,1.398,88
27/02/2023,13:52:16,21.2,21.3,20.7,22,21.4,21.9,22.4,20.8,0,100,0,0,0,0,0,-0.1,0.1,100,0,0,0.005,1.396,87
27/02/2023,13:52:21,21.2,21.3,20.7,22,21.4,22,22.4,20.8,0,100,0,0,0,0,0,-0.1,0.1,100,0,0,0.004,1.398,88
27/02/2023,13:52:26,21.2,21.3,20.7,22,21.4,22,22.4,20.8,0,100,0,0,0,0,0,-0.1,0.1,100,0,0,0.006,1.396,88
27/02/2023,13:52:31,21.2,21.3,20.7,22,21.4,22,22.4,20.8,0,100,0,0,0,0,0,-0.1,0.1,100,0,0,0.006,1.398,87
27/02/2023,13:52:36,21.2,21.3,20.7,22,21.4,22,22.4,20.8,0,100,0,0,0,0,0,-0.1,0.1,100,0,0,0.005,1.398,88
27/02/2023,13:52:41,21.2,21.4,20.7,22,21.4,22,22.4,20.8,0,100,0,0,0,0,0,-0.1,0.1,100,0,0,0.005,1.398,88
27/02/2023,13:52:46,21.2,21.3,20.7,22,21.4,22,22.4,20.8,0,100,0,0,0,0,0,-0.1,0.1,100,0,0,0.006,1.398,87
27/02/2023,13:52:51,21.2,21.3,20.7,22,21.4,22,22.4,20.8,0,100,0,0,0,0,0,-0.1,0.1,100,0,0,0.004,1.398,87
27/02/2023,13:52:56,21.2,21.3,20.7,22,21.4,22,22.4,20.8,0,100,0,0,0,0,0,-0.1,0.1,100,0,0,0.005,1.404,88
27/02/2023,13:53:01,21.2,21.3,20.7,22,21.5,22,22.4,20.8,0,100,0,0,0,0,0,-0.1,0.1,100,0,0,0.005,1.404,87
27/02/2023,13:53:06,21.2,21.3,20.7,22,21.5,22,22.4,20.8,0,100,0,0,0,0,0,-0.1,0.1,100,0,0,0.005,1.398,87
27/02/2023,13:53:11,21.2,21.3,20.7,22,21.4,22,22.4,20.8,0,100,0,0,0,0,0,-0.1,0.1,100,0,0,0.004,1.398,88
27/02/2023,13:53:16,21.2,21.4,20.7,22,21.4,22,22.4,20.8,0,100,0,0,0,0,0,-0.1,0.1,100,0,0,0.004,1.404,87
27/02/2023,13:53:21,21.2,21.3,20.7,22,21.4,22,22.4,20.8,0,100,0,0,0,0,0,-0.1,0.1,100,0,0,0.004,1.404,88
27/02/2023,13:53:26,21.2,21.3,20.7,22,21.5,22,22.4,20.8,0,100,0,0,0,0,0,-0.1,0.1,100,0,0,0.004,1.404,87
27/02/2023,13:53:31,21.2,21.3,20.7,22,21.4,22,22.4,20.8,0,100,0,0,0,0,0,-0.1,0.1,100,0,0,0.008,1.404,87
27/02/2023,13:53:36,21.2,21.3,20.7,22,21.4,22,22.4,20.8,0,100,0,0,0,0,0,-0.1,0.1,100,0,0,0.006,1.395,87
27/02/2023,13:53:41,21.2,21.3,20.7,22,21.4,22,22.4,20.8,0,100,0,0,0,0,0,-0.1,0.1,100,0,0,0.005,1.403,87
27/02/2023,13:53:46,21.2,21.4,20.7,22,21.4,22,22.4,20.8,0,100,0,0,0,0,0,-0.1,0.1,100,0,0,0.008,1.396,87
27/02/2023,13:53:51,21.2,21.4,20.7,22,21.4,22,22.4,20.8,0,100,0,0,0,0,0,-0.1,0.1,100,0,0,0.008,1.396,88
27/02/2023,13:53:56,21.2,21.3,20.7,22,21.4,22,22.4,20.8,0,100,0,0,0,0,0,-0.1,0.1,100,0,0,0.008,1.396,88
27/02/2023,13:54:01,21.2,21.3,20.7,22,21.4,22,22.4,20.8,0,100,0,0,0,0,0,-0.1,0.1,100,0,0,0.005,1.403,87
27/02/2023,13:54:06,21.2,21.4,20.7,22,21.4,22,22.4,20.8,0,100,0,0,0,0,0,-0.1,0.1,100,0,0,0.005,1.396,88
27/02/2023,13:54:11,21.2,21.3,20.7,22,21.4,22,22.4,20.8,0,100,0,0,0,0,0,-0.1,0.1,100,0,0,0.006,1.404,88
27/02/2023,13:54:16,21.2,21.4,20.7,22,21.4,22,22.4,20.8,0,100,0,0,0,0,0,-0.1,0.1,100,0,0,0.005,1.395,87
27/02/2023,13:54:21,21.2,21.3,20.7,22,21.4,22,22.4,20.8,0,100,0,0,0,0,0,-0.1,0.1,100,0,0,0.005,1.403,87
27/02/2023,13:54:26,21.2,21.3,20.7,22,21.4,22.1,22.4,20.8,0,100,0,0,0,0,0,-0.1,0.1,100,0,0,0.005,1.401,87
27/02/2023,13:54:31,21.2,21.3,20.7,22,21.4,22,22.4,20.8,0,100,0,0,0,0,0,-0.1,0.1,100,0,0,0.005,1.396,87
27/02/2023,13:54:36,21.2,21.3,20.7,22,21.4,22.1,22.4,20.8,0,100,0,0,0,0,0,-0.1,0.1,100,0,0,0.005,1.396,87
27/02/2023,13:54:41,21.2,21.3,20.7,22,21.4,22.1,22.4,20.8,0,100,0,0,0,0,0,-0.1,0.1,100,0,0,0.005,1.396,87
27/02/2023,13:54:46,21.2,21.3,20.7,22,21.4,22,22.4,20.8,0,100,0,0,0,0,0,-0.1,0.1,100,0,0,0.008,1.396,87
27/02/2023,13:54:51,21.2,21.3,20.7,22,21.4,22.1,22.4,20.8,0,100,0,0,0,0,0,-0.1,0.1,100,0,0,0.006,1.396,87
27/02/2023,13:54:56,21.2,21.3,20.7,22,21.5,22.1,22.4,20.8,0,100,0,0,0,0,0,-0.1,0.1,100,0,0,0.005,1.403,88
27/02/2023,13:55:01,21.2,21.3,20.7,22,21.4,22.1,22.4,20.8,0,100,0,0,0,0,0,-0.1,0.1,100,0,0,0.006,1.401,88
27/02/2023,13:55:06,21.2,21.3,20.7,22,21.4,22.1,22.4,20.8,0,100,0,0,0,0,0,-0.1,0.1,100,0,0,0.006,1.403,87
27/02/2023,13:55:11,21.2,21.3,20.7,22,21.4,22.1,22.4,20.8,0,100,0,0,0,0,0,-0.1,0.1,100,0,0,0.005,1.401,87
27/02/2023,13:55:16,21.2,21.3,20.7,22,21.4,22.1,22.4,20.8,0,100,0,0,0,0,0,-0.1,0.1,100,0,0,0.006,1.395,87
27/02/2023,13:55:21,21.2,21.3,20.7,22,21.4,22.1,22.4,20.8,0,100,0,0,0,0,0,-0.1,0.1,100,0,0,0.006,1.396,87
27/02/2023,13:55:26,21.2,21.3,20.7,22,21.4,22.1,22.4,20.8,0,100,0,0,0,0,0,-0.1,0.1,100,0,0,0.004,1.396,87
27/02/2023,13:55:31,21.2,21.3,20.7,22,21.4,22.1,22.4,20.8,0,100,0,0,0,0,0,-0.1,0.1,100,0,0,0.003,1.398,87
27/02/2023,13:55:36,21.2,21.4,20.7,22,21.4,22.1,22.4,20.8,0,100,0,0,0,0,0,-0.1,0.1,100,0,0,0.005,1.396,87
27/02/2023,13:55:41,21.2,21.4,20.7,22,21.5,22.1,22.4,20.8,0,100,0,0,0,0,0,-0.1,0.1,100,0,0,0.006,1.396,87
27/02/2023,13:55:46,21.2,21.3,20.7,22,21.4,22.1,22.4,20.8,0,100,0,0,0,0,0,-0.1,0.1,100,0,0,0.005,1.395,88
27/02/2023,13:55:51,21.2,21.3,20.7,22,21.4,22.1,22.4,20.8,0,100,0,0,0,0,0,-0.1,0.1,100,0,0,0.005,1.403,88
27/02/2023,13:55:56,21.2,21.3,20.7,22,21.5,22.1,22.4,20.8,0,100,0,0,0,0,0,-0.1,0.1,100,0,0,0.006,1.395,87
27/02/2023,13:56:01,21.2,21.3,20.7,22,21.5,22.1,22.4,20.8,0,100,0,0,0,0,0,-0.1,0.1,100,0,0,0.005,1.395,88
27/02/2023,13:56:06,21.2,21.3,20.7,22,21.4,22.1,22.4,20.8,0,100,0,0,0,0,0,-0.1,0.1,100,0,0,0.006,1.395,87
27/02/2023,13:56:11,21.2,21.4,20.7,22,21.4,22.1,22.4,20.8,0,100,0,0,0,0,0,-0.1,0.1,100,0,0,0.006,1.396,88
27/02/2023,13:56:16,21.2,21.4,20.7,22,21.4,22.1,22.4,20.8,0,100,0,0,0,0,0,-0.1,0.1,100,0,0,0.005,1.398,88
27/02/2023,13:56:21,21.2,21.4,20.7,22,21.4,22.1,22.4,20.8,0,100,0,0,0,0,0,-0.1,0.1,100,0,0,0.006,1.401,87
27/02/2023,13:56:26,21.2,21.4,20.7,22,21.4,22.1,22.4,20.8,0,100,0,0,0,0,0,-0.1,0.1,100,0,0,0.005,1.403,88
27/02/2023,13:56:31,21.2,21.3,20.7,22,21.5,22.2,22.4,20.8,0,100,0,0,0,0,0,-0.1,0.1,100,0,0,0.005,1.403,87
27/02/2023,13:56:36,21.2,21.3,20.7,22,21.5,22.2,22.4,20.8,0,100,0,0,0,0,0,-0.1,0.1,100,0,0,0.005,1.395,88
27/02/2023,13:56:41,21.2,21.3,20.7,22,21.4,22.2,22.4,20.8,0,100,0,0,0,0,0,-0.1,0.1,100,0,0,0.005,1.395,87
27/02/2023,13:56:46,21.2,21.3,20.7,22,21.5,22.2,22.4,20.8,0,100,0,0,0,0,0,-0.1,0.1,100,0,0,0.006,1.403,88
27/02/2023,13:56:51,21.2,21.4,20.7,22,21.5,22.2,22.4,20.8,0,100,0,0,0,0,0,-0.1,0.1,100,0,0,0.006,1.401,88
27/02/2023,13:56:56,21.2,21.4,20.7,22,21.4,22.2,22.4,20.8,0,100,0,0,0,0,0,-0.1,0.1,100,0,0,0.005,1.396,88
27/02/2023,13:57:01,21.2,21.4,20.7,22,21.4,22.2,22.4,20.8,0,100,0,0,0,0,0,-0.1,0.1,100,0,0,0.006,1.388,88
27/02/2023,13:57:06,21.2,21.4,20.7,22,21.5,22.2,22.4,20.8,0,100,0,0,0,0,0,-0.1,0.1,100,0,0,0.004,1.395,88
27/02/2023,13:57:11,21.2,21.3,20.7,22,21.4,22.2,22.4,20.8,0,100,0,0,0,0,0,-0.1,0.1,100,0,0,0.005,1.395,88
27/02/2023,13:57:16,21.2,21.4,20.7,22,21.5,22.2,22.5,20.8,0,100,0,0,0,0,0,-0.1,0.1,100,0,0,0.006,1.395,87
27/02/2023,13:57:21,21.2,21.3,20.7,22,21.4,22.2,22.5,20.8,0,100,0,0,0,0,0,-0.1,0.1,100,0,0,0.004,1.396,88
27/02/2023,13:57:26,21.2,21.3,20.7,22,21.4,22.2,22.5,20.8,0,100,0,0,0,0,0,-0.1,0.1,100,0,0,0.006,1.404,88
27/02/2023,13:57:31,21.2,21.4,20.7,22,21.5,22.2,22.5,20.8,0,100,0,0,0,0,0,-0.1,0.1,100,0,0,0.006,1.396,88
27/02/2023,13:57:36,21.2,21.3,20.7,22,21.4,22.2,22.5,20.8,0,100,0,0,0,0,0,-0.1,0.1,100,0,0,0.005,1.395,87
27/02/2023,13:57:41,21.2,21.3,20.7,22,21.5,22.2,22.5,20.8,0,100,0,0,0,0,0,-0.1,0.1,100,0,0,0.008,1.394,88
27/02/2023,13:57:46,21.2,21.3,20.7,22,21.4,22.2,22.5,20.8,0,100,0,0,0,0,0,-0.1,0.1,100,0,0,0.006,1.395,88
27/02/2023,13:57:51,21.2,21.4,20.7,22,21.4,22.2,22.5,20.8,0,100,0,0,0,0,0,-0.1,0.1,100,0,0,0.008,1.401,88
27/02/2023,13:57:56,21.2,21.4,20.7,22,21.4,22.2,22.5,20.8,0,100,0,0,0,0,0,-0.1,0.1,100,0,0,0.006,1.395,88
27/02/2023,13:58:01,21.2,21.4,20.7,22,21.5,22.2,22.5,20.8,0,100,0,0,0,0,0,-0.1,0.1,100,0,0,0.005,1.403,88
27/02/2023,13:58:06,21.2,21.4,20.7,22,21.5,22.2,22.5,20.8,0,100,0,0,0,0,0,-0.1,0.1,100,0,0,0.006,1.403,87
27/02/2023,13:58:11,21.2,21.3,20.7,22,21.4,22.2,22.5,20.8,0,100,0,0,0,0,0,-0.1,0.1,100,0,0,0.006,1.401,87
27/02/2023,13:58:16,21.2,21.4,20.7,22,21.4,22.2,22.5,20.8,0,100,0,0,0,0,0,-0.1,0.1,100,0,0,0.005,1.403,88
27/02/2023,13:58:21,21.2,21.3,20.7,22,21.5,22.2,22.5,20.8,0,100,0,0,0,0,0,-0.1,0.1,100,0,0,0.005,1.403,88
27/02/2023,13:58:26,21.2,21.4,20.7,22,21.5,22.2,22.5,20.8,0,100,0,0,0,0,0,-0.1,0.1,100,0,0,0.004,1.395,87
27/02/2023,13:58:31,21.2,21.3,20.7,22,21.4,22.2,22.5,20.8,0,100,0,0,0,0,0,-0.1,0.1,100,0,0,0.005,1.396,87
27/02/2023,13:58:36,21.2,21.3,20.7,22,21.5,22.2,22.5,20.8,0,100,0,0,-0.1,0,0,-0.1,0.1,100,0,0,0.005,1.403,88
27/02/2023,13:58:41,21.2,21.4,20.7,22,21.4,22.2,22.5,20.8,0,100,0,0,0,0,0,-0.1,0.1,100,0,0,0.006,1.401,87
27/02/2023,13:58:46,21.2,21.3,20.7,22,21.4,22.2,22.5,20.8,0,100,0,0,-0.1,0,0,-0.1,0.1,100,0,0,0.005,1.408,87
27/02/2023,13:58:51,21.2,21.4,20.7,22,21.4,22.3,22.5,20.8,0,100,0,0,-0.1,0,0,-0.1,0.1,100,0,0,0.005,1.409,87
27/02/2023,13:58:56,21.2,21.3,20.7,22,21.4,22.2,22.5,20.8,0,100,0,0,0,0,0,-0.1,0.1,100,0,0,0.008,1.403,87
27/02/2023,13:59:01,21.2,21.4,20.7,22,21.4,22.3,22.6,20.8,0,100,0,0,-0.1,0,0,-0.1,0.1,100,0,0,0.006,1.401,87
27/02/2023,13:59:06,21.2,21.3,20.7,22,21.4,22.3,22.5,20.8,0,100,0,0,-0.1,0,0,-0.1,0.1,100,0,0,0.008,1.389,88
27/02/2023,13:59:11,21.2,21.4,20.7,22,21.4,22.3,22.6,20.8,0,100,0,0,-0.1,0,0,-0.1,0.1,100,0,0,0.006,1.404,88
27/02/2023,13:59:16,21.2,21.3,20.7,22,21.4,22.3,22.6,20.8,0,100,0,0,-0.1,0,0,-0.1,0.1,100,0,0,0.005,1.404,87
27/02/2023,13:59:21,21.2,21.3,20.7,22,21.4,22.3,22.6,20.8,0,100,0,0,-0.1,0,0,-0.1,0.1,100,0,0,0.005,1.404,87
27/02/2023,13:59:26,21.2,21.4,20.7,22,21.4,22.3,22.6,20.8,0,100,0,0,-0.1,0,0,-0.1,0.1,100,0,0,0.005,1.409,87
27/02/2023,13:59:31,21.2,21.3,20.7,22,21.5,22.3,22.6,20.8,0,100,0,0,-0.1,0,0,-0.1,0.1,100,0,0,0.006,1.403,88
27/02/2023,13:59:36,21.2,21.4,20.7,22,21.4,22.3,22.6,20.8,0,100,0,0,-0.1,0,0,-0.1,0.1,100,0,0,0.006,1.398,87
27/02/2023,13:59:41,21.2,21.3,20.7,22,21.4,22.3,22.6,20.8,0,100,0,0,-0.1,0,0,-0.1,0.1,100,0,0,0.005,1.395,87
27/02/2023,13:59:46,21.2,21.3,20.7,22,21.5,22.3,22.6,20.8,0,100,0,0,-0.1,0,0,-0.1,0.1,100,0,0,0.006,1.396,87
27/02/2023,13:59:51,21.2,21.4,20.7,22,21.4,22.4,22.6,20.8,0,100,0,0,-0.1,0,0,-0.1,0.1,100,0,0,0.004,1.396,87
27/02/2023,13:59:56,21.2,21.4,20.7,22,21.4,22.3,22.6,20.8,0,100,0,0,-0.1,0,0,-0.1,0.1,100,0,0,0.008,1.396,87
27/02/2023,14:00:01,21.2,21.3,20.7,22,21.4,22.4,22.6,20.8,0,100,0,0,-0.1,0,0,-0.1,0.1,100,0,0,0.008,1.398,87
27/02/2023,14:00:06,21.2,21.3,20.7,22,21.5,22.4,22.7,20.8,0,100,0,0,-0.1,0,0,-0.1,0.1,100,0,0,0.006,1.396,87
27/02/2023,14:00:11,21.2,21.3,20.7,22,21.4,22.4,22.7,20.8,0,100,0,0,-0.1,0,0,-0.1,0.1,100,0,0,0.005,1.398,87
27/02/2023,14:00:16,21.2,21.3,20.7,22,21.5,22.4,22.7,20.8,0,100,0,0,-0.1,0,0,-0.1,0.1,100,0,0,0.005,1.391,87
27/02/2023,14:00:21,21.2,21.4,20.7,22,21.5,22.4,22.7,20.8,0,100,0,0,-0.1,0,0,-0.1,0.1,100,0,0,0.005,1.396,88
27/02/2023,14:00:26,21.2,21.3,20.7,22,21.4,22.4,22.7,20.8,0,100,0,0,-0.1,0,0,-0.1,0.1,100,0,0,0.004,1.405,87
27/02/2023,14:00:31,21.2,21.3,20.7,22,21.4,22.4,22.8,20.8,0,100,0,0,-0.1,0,0,-0.1,0.1,100,0,0,0.005,1.396,87
27/02/2023,14:00:36,21.2,21.4,20.7,22,21.5,22.4,22.8,20.8,0,100,0,0,-0.1,0,0,-0.1,0.1,100,0,0,0.005,1.396,87
27/02/2023,14:00:41,21.2,21.4,20.7,22,21.4,22.4,22.8,20.8,0,100,0,0,-0.1,0,0,-0.1,0.1,100,0,0,0.006,1.398,87
27/02/2023,14:00:46,21.2,21.3,20.7,22,21.5,22.4,22.8,20.8,0,100,0,0,-0.1,0,0,-0.1,0.1,100,0,0,0.003,1.395,87
27/02/2023,14:00:51,21.2,21.4,20.7,22,21.5,22.4,22.9,20.8,0,100,0,0,-0.1,0,0,-0.1,0.1,100,0,0,0.004,1.396,87
27/02/2023,14:00:56,21.2,21.4,20.7,22,21.5,22.4,22.9,20.8,0,100,0,0,-0.1,0,0,-0.1,0.1,100,0,0,0.004,1.398,88
27/02/2023,14:01:01,21.2,21.3,20.7,22,21.5,22.4,23,20.8,0,100,0,0,-0.1,0,0,-0.1,0.1,100,0,0,0.006,1.396,87
27/02/2023,14:01:06,21.2,21.4,20.7,22,21.4,22.4,23,20.8,0,100,0,0,-0.1,0,0,-0.1,0.1,100,0,0,0.005,1.396,87
27/02/2023,14:01:11,21.2,21.3,20.7,22,21.5,22.4,23,20.8,0,100,0,0,-0.1,0,0,-0.1,0.1,100,0,0,0.005,1.396,87
27/02/2023,14:01:16,21.2,21.3,20.7,22,21.4,22.4,23.1,20.8,0,100,0,0,-0.1,0,0,-0.1,0.1,100,0,0,0.005,1.403,87
27/02/2023,14:01:21,21.2,21.4,20.7,22,21.5,22.4,23.1,20.8,0,100,0,0,-0.1,0,0,-0.1,0.1,100,0,0,0.006,1.404,87
27/02/2023,14:01:26,21.2,21.3,20.7,22,21.5,22.4,23.1,20.8,0,100,0,0,-0.1,0,0,-0.1,0.1,100,0,0,0.004,1.396,87
27/02/2023,14:01:31,21.2,21.4,20.7,22,21.5,22.4,23.2,20.8,0,100,0,0,-0.1,0,0,-0.1,0.1,100,0,0,0.005,1.395,87
27/02/2023,14:01:36,21.2,21.3,20.7,22,21.5,22.4,23.2,20.8,0,100,0,0,-0.1,0,0,-0.1,0.1,100,0,0,0.003,1.396,87
27/02/2023,14:01:41,21.2,21.4,20.7,22,21.4,22.4,23.2,20.8,0,100,0,0,-0.1,0,0,-0.1,0.1,100,0,0,0.001,1.395,87
27/02/2023,14:01:46,21.2,21.4,20.7,22,21.5,22.4,23.3,20.8,0,100,0,0,-0.1,0,0,-0.1,0.1,100,0,0,0.004,1.394,87
27/02/2023,14:01:51,21.2,21.4,20.7,22,21.4,22.4,23.3,20.8,0,100,0,0,-0.1,0,0,-0.1,0.1,100,0,0,0.004,1.395,87
27/02/2023,14:01:56,21.2,21.3,20.7,22,21.4,22.5,23.4,20.8,0,100,0,0,-0.1,0,0,-0.1,0.1,100,0,0,0.006,1.394,87
27/02/2023,14:02:01,21.2,21.3,20.7,22,21.5,22.5,23.4,20.8,0,100,0,0,-0.1,0,0,-0.1,0.1,100,0,0,0.004,1.395,87
27/02/2023,14:02:06,21.2,21.4,20.7,22,21.5,22.5,23.5,20.8,0,100,0,0,-0.1,0,0,-0.1,0.1,100,0,0,0.004,1.395,87
27/02/2023,14:02:11,21.2,21.3,20.7,22,21.4,22.5,23.6,20.8,0,100,0,0,-0.1,0,0,-0.1,0.1,100,0,0,0.003,1.401,87
27/02/2023,14:02:16,21.2,21.4,20.7,22,21.4,22.5,23.7,20.8,0,100,0,0,-0.1,0,0,-0.1,0.1,100,0,0,0.005,1.395,88
27/02/2023,14:02:21,21.2,21.3,20.7,22,21.5,22.5,23.8,20.8,0,100,0,0,-0.1,0,0,-0.1,0.1,100,0,0,0.004,1.396,87
27/02/2023,14:02:26,21.2,21.4,20.7,22,21.5,22.5,24,20.8,0,100,0,0,-0.1,0,0,-0.1,0.1,100,0,0,0.003,1.389,87
27/02/2023,14:02:31,21.2,21.3,20.7,22,21.4,22.5,24.1,20.8,0,100,0,0,-0.1,0,0,-0.1,0.1,100,0,0,0.004,1.403,87
27/02/2023,14:02:36,21.2,21.4,20.7,22,21.5,22.5,24.3,20.8,0,100,0,0,-0.1,0,0,-0.1,0.1,100,0,0,0.005,1.403,87
27/02/2023,14:02:41,21.2,21.4,20.7,22,21.4,22.5,24.4,20.8,0,100,0,0,-0.1,0,0,-0.1,0.1,100,0,0,0.001,1.396,87
27/02/2023,14:02:46,21.2,21.4,20.7,22,21.5,22.5,24.6,20.8,0,100,0,0,-0.1,0,0,-0.1,0.1,100,0,0,0.004,1.403,87
27/02/2023,14:02:51,21.2,21.4,20.7,22,21.4,22.5,24.8,20.8,0,100,0,0,-0.1,0,0,-0.1,0.1,100,0,0,0.004,1.403,87
27/02/2023,14:02:56,21.2,21.4,20.7,22,21.5,22.5,24.9,20.8,0,100,0,0,-0.1,0,0,-0.1,0.1,100,0,0,0.003,1.396,87
27/02/2023,14:03:01,21.2,21.3,20.7,22,21.5,22.5,25.2,20.8,0,100,0,0,-0.1,0,0,-0.1,0.1,100,0,0,0.004,1.395,87
27/02/2023,14:03:06,21.2,21.3,20.7,22,21.5,22.5,25.4,20.8,0,100,0,0,-0.1,0,0,-0.1,0.1,100,0,0,0.004,1.403,87
27/02/2023,14:03:11,21.2,21.4,20.7,22,21.5,22.5,25.7,20.8,0,100,0,0,-0.1,0,0,-0.1,0.1,100,0,0,0.003,1.396,87
27/02/2023,14:03:16,21.2,21.3,20.7,22,21.4,22.5,26.1,20.8,0,100,0,0,-0.1,0,0,-0.1,0.1,100,0,0,0.003,1.389,88
27/02/2023,14:03:21,21.2,21.3,20.7,22,21.5,22.5,26.5,20.8,0,100,0,0,-0.1,0,0,-0.1,0.1,100,0,0,0.004,1.403,87
27/02/2023,14:03:26,21.2,21.4,20.7,22,21.5,22.5,26.9,20.8,0,100,0,0,-0.1,0,0,-0.1,0.1,100,0,0,0.003,1.395,87
27/02/2023,14:03:31,21.2,21.4,20.7,22,21.5,22.5,27.4,20.8,0,100,0,0,-0.1,0,0,-0.1,0.1,100,0,0,0.003,1.404,88
27/02/2023,14:03:36,21.2,21.3,20.7,22,21.5,22.5,27.9,20.8,0,100,0,0,-0.1,0,0,-0.1,0.1,100,0,0,0.003,1.403,87
27/02/2023,14:03:41,21.2,21.4,20.7,22,21.4,22.5,28.5,20.8,0,100,0,0,-0.1,0,0,-0.1,0.1,100,0,0,0.001,1.403,87
27/02/2023,14:03:46,21.2,21.3,20.7,22,21.4,22.6,29.1,20.8,0,100,0,0,-0.1,0,0,-0.1,0.1,100,0,0,0.003,1.403,87
27/02/2023,14:03:51,21.2,21.4,20.7,22,21.4,22.6,29.7,20.8,0,100,0,0,-0.1,0,0,-0.1,0.1,100,0,0,0.003,1.409,87
27/02/2023,14:03:56,21.2,21.4,20.7,22,21.5,22.6,30.4,20.8,0,100,0,0,-0.1,0,0,-0.1,0.1,100,0,0,0.003,1.403,87
27/02/2023,14:04:01,21.2,21.3,20.7,22,21.4,22.6,31.2,20.8,0,100,0,0,-0.1,0,0,-0.1,0.1,100,0,0,0.003,1.401,88
27/02/2023,14:04:06,21.2,21.4,20.7,22,21.4,22.6,32,20.8,0,100,0,0,-0.1,0,0,-0.1,0.1,100,0,0,0.001,1.403,88
27/02/2023,14:04:11,21.2,21.3,20.7,22,21.4,22.6,32.8,20.8,0,100,0,0,-0.1,0,0,-0.1,0.1,100,0,0,0.003,1.403,87
27/02/2023,14:04:16,21.2,21.4,20.7,22,21.5,22.6,33.6,20.8,0,100,0,0,-0.1,0,0,-0.1,0.1,100,0,0,0,1.396,88
27/02/2023,14:04:21,21.2,21.4,20.7,22,21.5,22.6,34.6,20.8,0,100,0,0,-0.1,0,0,-0.1,0.1,100,0,0,0.001,1.394,87
27/02/2023,14:04:26,21.2,21.4,20.7,22,21.5,22.6,35.8,20.8,0,100,0,0,-0.1,0,0,-0.1,0.1,100,0,0,0,1.394,87
27/02/2023,14:04:31,21.2,21.4,20.7,22,21.5,22.6,36.9,20.8,0,100,0,0,-0.1,0,0,-0.1,0.1,100,0,0,0.003,1.395,87
27/02/2023,14:04:36,21.2,21.4,20.7,22,21.4,22.6,37.9,20.8,0,100,0,0,-0.1,0,0,-0.1,0.1,100,0,0,0.001,1.394,87
27/02/2023,14:04:41,21.2,21.4,20.7,22,21.4,22.6,38.8,20.8,0,100,0,0,-0.1,0,0,-0.1,0.1,100,0,0,0.001,1.394,87
27/02/2023,14:04:46,21.2,21.4,20.7,22,21.5,22.6,39.7,20.8,0,100,0,0,-0.1,0,0,-0.1,0.1,100,0,0,0.004,1.394,88
27/02/2023,14:04:51,21.2,21.4,20.7,22,21.4,22.6,40.6,20.8,0,100,0,0,-0.1,0,0,-0.1,0.1,100,0,0,0.004,1.4,87
27/02/2023,14:04:56,21.2,21.4,20.7,22,21.5,22.6,41.7,20.8,0,100,0,0,-0.1,0,0,-0.1,0.1,100,0,0,0,1.401,87
27/02/2023,14:05:01,21.2,21.4,20.7,22,21.5,22.6,42.7,20.8,0,100,0,0,-0.1,0,0,-0.1,0.1,100,0,0,0.003,1.395,87
27/02/2023,14:05:06,21.2,21.4,20.7,22,21.5,22.6,43.5,20.8,0,100,0,0,-0.1,0,0,-0.1,0.1,100,0,0,0.004,1.394,87
27/02/2023,14:05:11,21.2,21.4,20.7,22,21.5,22.6,44.3,20.8,0,100,0,0,-0.1,0,0,-0.1,0.1,100,0,0,0.001,1.395,87
27/02/2023,14:05:16,21.2,21.4,20.7,22,21.4,22.6,44.9,20.8,0,100,0,0,-0.1,0,0,-0.1,0.1,100,0,0,0.001,1.401,87
27/02/2023,14:05:21,21.2,21.4,20.7,22,21.4,22.6,45.1,20.8,0,100,0,0,-0.1,0,0,-0.1,0.1,100,0,0,0.003,1.394,87
27/02/2023,14:05:26,21.2,21.4,20.7,22,21.4,22.6,45.1,20.8,0,100,0,0,-0.1,0,0,-0.1,0.1,100,0,0,0.004,1.395,87
27/02/2023,14:05:31,21.2,21.4,20.7,22,21.4,22.7,45.2,20.8,0,100,0,0,-0.1,0,0,-0.1,0.1,100,0,0,0.003,1.395,87
27/02/2023,14:05:36,21.2,21.3,20.7,22,21.5,22.6,44.9,20.8,0,100,0,0,-0.1,0,0,-0.1,0.1,100,0,0,0,1.394,87
27/02/2023,14:05:41,21.2,21.4,20.7,22,21.5,22.7,44.6,20.8,0,100,0,0,-0.1,0,0,-0.1,0.1,100,0,0,0.003,1.395,87
27/02/2023,14:05:46,21.2,21.4,20.7,22,21.4,22.7,44.4,20.8,0,100,0,0,-0.1,0,0,-0.1,0.1,100,0,0,0.003,1.394,88
27/02/2023,14:05:51,21.2,21.4,20.7,22,21.5,22.7,44.2,20.8,0,100,0,0,-0.1,0,0,-0.1,0.1,100,0,0,0.003,1.394,88
27/02/2023,14:05:56,21.2,21.4,20.7,22,21.4,22.7,44.1,20.8,0,100,0,0,-0.1,0,0,-0.1,0.1,100,0,0,0.003,1.4,87
27/02/2023,14:06:01,21.2,21.4,20.7,22,21.4,22.7,44,20.8,0,100,0,0,-0.1,0,0,-0.1,0.1,100,0,0,0.003,1.395,87
27/02/2023,14:06:06,21.2,21.3,20.7,22,21.4,22.7,43.8,20.8,0,100,0,0,-0.1,0,0,-0.1,0.1,100,0,0,0.004,1.394,88
27/02/2023,14:06:11,21.2,21.4,20.7,22,21.4,22.7,43.7,20.8,0,100,0,0,-0.1,0,0,-0.1,0.1,100,0,0,0.003,1.395,88
27/02/2023,14:06:16,21.2,21.3,20.7,22,21.4,22.7,43.5,20.8,0,100,0,0,-0.1,0,0,-0.1,0.1,100,0,0,0.003,1.4,87
27/02/2023,14:06:21,21.2,21.4,20.7,22,21.4,22.7,43.4,20.8,0,100,0,0,-0.1,0,0,-0.1,0.1,100,0,0,0.004,1.401,88
27/02/2023,14:06:26,21.2,21.3,20.7,22,21.4,22.7,43.3,20.8,0,100,0,0,-0.1,0,0,-0.1,0.1,100,0,0,0.001,1.401,87
27/02/2023,14:06:31,21.2,21.4,20.7,22,21.4,22.7,43.4,20.8,0,100,0,0,-0.1,0,0,-0.1,0.1,100,0,0,0.003,1.403,87
27/02/2023,14:06:36,21.2,21.4,20.7,22,21.4,22.7,43.5,20.8,0,100,0,0,-0.1,0,0,-0.1,0.1,100,0,0,0.001,1.394,87
27/02/2023,14:06:41,21.2,21.3,20.7,22,21.4,22.7,43.8,20.8,0,100,0,0,-0.1,0,0,-0.1,0.1,100,0,0,0.001,1.393,87
27/02/2023,14:06:46,21.2,21.4,20.7,22,21.4,22.7,44.1,20.8,0,100,0,0,-0.1,0,0,-0.1,0.1,100,0,0,0.004,1.403,88
27/02/2023,14:06:51,21.2,21.3,20.7,22,21.4,22.7,44.5,20.8,0,100,0,0,-0.1,0,0,-0.1,0.1,100,0,0,0.003,1.4,87
27/02/2023,14:06:56,21.2,21.4,20.7,22,21.4,22.7,44.6,20.8,0,100,0,0,-0.1,0,0,-0.1,0.1,100,0,0,0.004,1.4,88
27/02/2023,14:07:01,21.2,21.3,20.7,22,21.4,22.7,44.6,20.8,0,100,0,0,-0.1,0,0,-0.1,0.1,100,0,0,0.003,1.394,87
27/02/2023,14:07:06,21.2,21.4,20.7,22,21.5,22.7,44.7,20.8,0,100,0,0,-0.1,0,0,-0.1,0.1,100,0,0,0.003,1.4,88
27/02/2023,14:07:11,21.2,21.3,20.7,22,21.5,22.7,44.8,20.8,0,100,0,0,-0.1,0,0,-0.1,0.1,100,0,0,0.004,1.4,87
27/02/2023,14:07:16,21.2,21.4,20.7,22,21.4,22.7,44.6,20.8,0,100,0,0,-0.1,0,0,-0.1,0.1,100,0,0,0.001,1.4,87
27/02/2023,14:07:21,21.2,21.4,20.7,22,21.4,22.7,44.3,20.8,0,100,0,0,-0.1,0,0,-0.1,0.1,100,0,0,0.001,1.401,88
27/02/2023,14:07:26,21.2,21.3,20.7,22,21.5,22.7,44.2,20.8,0,100,0,0,-0.1,0,0,-0.1,0.1,100,0,0,0.003,1.4,88
27/02/2023,14:07:31,21.2,21.4,20.7,22,21.4,22.7,43.9,20.8,0,100,0,0,-0.1,0,0,-0.1,0.1,100,0,0,0.005,1.393,87
27/02/2023,14:07:36,21.2,21.4,20.7,22,21.4,22.8,43.8,20.8,0,100,0,0,-0.1,0,0,-0.1,0.1,100,0,0,0.003,1.393,87
27/02/2023,14:07:41,21.2,21.4,20.7,22,21.4,22.7,43.8,20.8,0,100,0,0,-0.1,0,0,-0.1,0.1,100,0,0,0.001,1.393,87
27/02/2023,14:07:46,21.2,21.4,20.7,22,21.4,22.8,43.6,20.8,0,100,0,0,-0.1,0,0,-0.1,0.1,100,0,0,0.003,1.393,87
27/02/2023,14:07:51,21.2,21.3,20.7,22,21.5,22.8,43.4,20.8,0,100,0,0,-0.1,0,0,-0.1,0.1,100,0,0,0.003,1.4,87
27/02/2023,14:07:56,21.2,21.4,20.7,22,21.4,22.8,43.3,20.8,0,100,0,0,-0.1,0,0,-0.1,0.1,100,0,0,0.001,1.4,87
27/02/2023,14:08:01,21.2,21.4,20.7,22,21.5,22.8,43.2,20.8,0,100,0,0,-0.1,0,0,-0.1,0.1,100,0,0,0.001,1.393,87
27/02/2023,14:08:06,21.2,21.4,20.7,22,21.5,22.8,43,20.8,0,100,0,0,-0.1,0,0,-0.1,0.1,100,0,0,0.003,1.394,87
27/02/2023,14:08:11,21.2,21.3,20.7,22,21.5,22.8,43,20.8,0,100,0,0,-0.1,0,0,-0.1,0.1,100,0,0,0.003,1.399,87
27/02/2023,14:08:16,21.2,21.4,20.7,22,21.4,22.8,42.9,20.8,0,100,0,0,-0.1,0,0,-0.1,0.1,100,0,0,0.003,1.4,87
27/02/2023,14:08:21,21.2,21.4,20.7,22,21.4,22.8,43,20.8,0,100,0,0,-0.1,0,0,-0.1,0.1,100,0,0,0.001,1.4,87
27/02/2023,14:08:26,21.2,21.4,20.7,22,21.4,22.8,43,20.8,0,100,0,0,-0.1,0,0,-0.1,0.1,100,0,0,0,1.394,87
27/02/2023,14:08:31,21.2,21.4,20.7,22,21.4,22.8,43,20.8,0,100,0,0,-0.1,0,0,-0.1,0.1,100,0,0,0.003,1.399,87
27/02/2023,14:08:36,21.2,21.4,20.7,22,21.4,22.8,43,20.8,0,100,0,0,-0.1,0,0,-0.1,0.1,100,0,0,0,1.398,87
27/02/2023,14:08:41,21.2,21.4,20.7,22,21.5,22.8,43.2,20.8,0,100,0,0,-0.1,0,0,-0.1,0.1,100,0,0,0.004,1.399,87
27/02/2023,14:08:46,21.2,21.3,20.7,22,21.4,22.8,43.2,20.8,0,100,0,0,-0.1,0,0,-0.1,0.1,100,0,0,0.003,1.4,87
27/02/2023,14:08:51,21.2,21.4,20.7,22,21.5,22.8,43.3,20.8,0,100,0,0,-0.1,0,0,-0.1,0.1,100,0,0,0,1.399,87
27/02/2023,14:08:56,21.2,21.4,20.7,22,21.4,22.8,43.4,20.8,0,100,0,0,-0.1,0,0,-0.1,0.1,100,0,0,0.001,1.393,87
27/02/2023,14:09:01,21.2,21.4,20.7,22,21.4,22.8,43.4,20.8,0,100,0,0,-0.1,0,0,-0.1,0.1,100,0,0,0,1.394,88
27/02/2023,14:09:06,21.2,21.4,20.7,22,21.5,22.8,43.5,20.8,0,100,0,0,-0.1,0,0,-0.1,0.1,100,0,0,0,1.393,87
27/02/2023,14:09:11,21.2,21.4,20.7,22,21.4,22.8,43.8,20.8,0,100,0,0,-0.1,0,0,-0.1,0.1,100,0,0,-0.001,1.394,87
27/02/2023,14:09:16,21.2,21.3,20.7,22,21.4,22.8,43.9,20.8,0,100,0,0,-0.1,0,0,-0.1,0.1,100,0,0,0,1.394,87
27/02/2023,14:09:21,21.2,21.4,20.7,22,21.4,22.8,44.4,20.8,0,100,0,0,-0.1,0,0,-0.1,0.1,100,0,0,0.001,1.385,87
27/02/2023,14:09:26,21.2,21.4,20.7,22,21.4,22.8,44.6,20.8,0,100,0,0,-0.1,0,0,-0.1,0.1,100,0,0,0,1.399,87
27/02/2023,14:09:31,21.2,21.4,20.7,22,21.4,22.8,44.7,20.8,0,100,0,0,-0.1,0,0,-0.1,0.1,100,0,0,0.001,1.393,87
27/02/2023,14:09:36,21.2,21.4,20.7,22,21.4,22.8,44.9,20.8,0,100,0,0,-0.1,0,0,-0.1,0.1,100,0,0,-0.001,1.4,87
27/02/2023,14:09:41,21.2,21.4,20.7,22,21.5,22.9,45,20.8,0,100,0,0,-0.1,0,0,-0.1,0.1,100,0,0,0,1.399,87
27/02/2023,14:09:46,21.2,21.3,20.7,22,21.5,22.9,45,20.8,0,100,0,0,-0.1,0,0,-0.1,0.1,100,0,0,0.001,1.406,87
27/02/2023,14:09:51,21.2,21.4,20.7,22,21.4,22.9,45,20.8,0,100,0,0,-0.1,0,0,-0.1,0.1,100,0,0,0.001,1.399,87
27/02/2023,14:09:56,21.2,21.4,20.7,22,21.5,22.9,45,20.8,0,100,0,0,-0.1,0,0,-0.1,0.1,100,0,0,0,1.399,87
27/02/2023,14:10:01,21.2,21.4,20.7,22,21.5,22.9,44.9,20.8,0,100,0,0,-0.1,0,0,-0.1,0.1,100,0,0,-0.001,1.399,87
27/02/2023,14:10:06,21.2,21.4,20.7,22,21.5,22.9,44.9,20.8,0,100,0,0,-0.1,0,0,-0.1,0.1,100,0,0,-0.001,1.4,87
27/02/2023,14:10:11,21.2,21.4,20.7,22,21.4,22.9,44.9,20.8,0,100,0,0,-0.1,0,0,-0.1,0.1,100,0,0,0.001,1.399,87
27/02/2023,14:10:16,21.2,21.4,20.7,22,21.5,22.9,44.9,20.8,0,100,0,0,-0.1,0,0,-0.1,0.1,100,0,0,-0.001,1.393,87
27/02/2023,14:10:21,21.2,21.4,20.7,22,21.4,22.9,44.9,20.8,0,100,0,0,-0.1,0,0,-0.1,0.1,100,0,0,0.001,1.399,87
27/02/2023,14:10:26,21.2,21.4,20.7,22,21.5,22.9,44.9,20.8,0,100,0,0,-0.1,0,0,-0.1,0.1,100,0,0,-0.001,1.399,88
27/02/2023,14:10:31,21.2,21.4,20.7,22,21.5,22.9,44.4,20.8,0,100,0,0,-0.1,0,0,-0.1,0.1,100,0,0,0,1.4,87
27/02/2023,14:10:36,21.2,21.4,20.7,22,21.5,22.9,43.8,20.8,0,100,0,0,-0.1,0,0,-0.1,0.1,100,0,0,-0.001,1.406,88
27/02/2023,14:10:41,21.2,21.4,20.7,22,21.4,22.9,43,20.8,0,100,0,0,-0.1,0,0,-0.1,0.1,100,0,0,0,1.4,87
27/02/2023,14:10:46,21.2,21.4,20.7,22,21.4,22.9,42.4,20.8,0,100,0,0,-0.1,0,0,-0.1,0.1,100,0,0,0,1.4,87
27/02/2023,14:10:51,21.2,21.3,20.7,22,21.4,22.9,41.9,20.8,0,100,0,0,-0.1,0,0,-0.1,0.1,100,0,0,0.003,1.393,87
27/02/2023,14:10:56,21.2,21.3,20.7,22,21.4,23,41.3,20.8,0,100,0,0,-0.1,0,0,-0.1,0.1,100,0,0,0,1.399,88
27/02/2023,14:11:01,21.2,21.4,20.7,22,21.4,23,40.9,20.8,0,100,0,0,-0.1,0,0,-0.1,0.1,100,0,0,0.003,1.399,88
27/02/2023,14:11:06,21.2,21.4,20.7,22,21.4,23,40.5,20.8,0,100,0,0,-0.1,0,0,-0.1,0.1,100,0,0,0.001,1.399,87
27/02/2023,14:11:11,21.2,21.4,20.7,22,21.4,23,40,20.8,0,100,0,0,-0.1,0,0,-0.1,0.1,100,0,0,0,1.393,87
27/02/2023,14:11:16,21.2,21.4,20.7,22,21.5,23,39.7,20.8,0,100,0,0,-0.1,0,0,-0.1,0.1,100,0,0,0,1.391,88
27/02/2023,14:11:21,21.2,21.4,20.7,22,21.4,23,39.2,20.8,0,100,0,0,-0.1,0,0,-0.1,0.1,100,0,0,0,1.385,87
27/02/2023,14:11:26,21.2,21.4,20.7,22,21.5,23,38.8,20.8,0,100,0,0,-0.1,0,0,-0.1,0.1,100,0,0,0.001,1.385,88
27/02/2023,14:11:31,21.2,21.4,20.7,22,21.5,23,38.6,20.8,0,100,0,0,-0.1,0,0,-0.1,0.1,100,0,0,0.001,1.393,88
27/02/2023,14:11:36,21.2,21.4,20.7,22,21.5,23,38.6,20.8,0,100,0,0,-0.1,0,0,-0.1,0.1,100,0,0,0.001,1.399,87
27/02/2023,14:11:41,21.2,21.4,20.7,22,21.5,23,38.4,20.8,0,100,0,0,-0.1,0,0,-0.1,0.1,100,0,0,0.001,1.4,87
27/02/2023,14:11:46,21.2,21.4,20.7,22,21.5,23,38.4,20.8,0,100,0,0,-0.1,0,0,-0.1,0.1,100,0,0,0.003,1.391,87
27/02/2023,14:11:51,21.2,21.4,20.7,22,21.5,23,38.3,20.8,0,100,0,0,-0.1,0,0,-0.1,0.1,100,0,0,0,1.391,87
27/02/2023,14:11:56,21.2,21.4,20.7,22,21.4,23,38.1,20.8,0,100,0,0,-0.1,0,0,-0.1,0.1,100,0,0,0.001,1.393,87
27/02/2023,14:12:01,21.2,21.4,20.7,22,21.5,23,37.9,20.8,0,100,0,0,-0.1,0,0,-0.1,0.1,100,0,0,0.001,1.391,87
27/02/2023,14:12:06,21.2,21.4,20.7,22,21.4,23,37.8,20.8,0,100,0,0,-0.1,0,0,-0.1,0.1,100,0,0,0,1.399,87
27/02/2023,14:12:11,21.2,21.4,20.7,22,21.5,23,37.6,20.8,0,100,0,0,-0.1,0,0,-0.1,0.1,100,0,0,0.001,1.399,87
27/02/2023,14:12:16,21.2,21.4,20.7,22,21.4,23,37.4,20.8,0,100,0,0,-0.1,0,0,-0.1,0.1,100,0,0,0,1.399,88
27/02/2023,14:12:21,21.2,21.4,20.7,22,21.4,23,37.4,20.8,0,100,0,0,-0.1,0,0,-0.1,0.1,100,0,0,0.001,1.399,87
27/02/2023,14:12:26,21.2,21.4,20.7,22,21.5,23,37.2,20.8,0,100,0,0,-0.1,0,0,-0.1,0.1,100,0,0,0.003,1.4,87
27/02/2023,14:12:31,21.2,21.4,20.7,22,21.4,23,36.9,20.8,0,100,0,0,-0.1,0,0,-0.1,0.1,100,0,0,0.001,1.393,87
27/02/2023,14:12:36,21.2,21.3,20.7,22,21.5,23,36.6,20.8,0,100,0,0,-0.1,0,0,-0.1,0.1,100,0,0,0.001,1.399,87
27/02/2023,14:12:41,21.2,21.4,20.7,22,21.5,23,36.5,20.8,0,100,0,0,-0.1,0,0,-0.1,0.1,100,0,0,0.003,1.4,87
27/02/2023,14:12:46,21.2,21.4,20.7,22,21.4,23,36.4,20.8,0,100,0,0,-0.1,0,0,-0.1,0.1,100,0,0,0.003,1.399,87
27/02/2023,14:12:51,21.2,21.4,20.7,22,21.5,23.1,36.4,20.8,0,100,0,0,-0.1,0,0,-0.1,0.1,100,0,0,0.001,1.393,88
27/02/2023,14:12:56,21.2,21.4,20.7,22,21.5,23,36.3,20.8,0,100,0,0,-0.1,0,0,-0.1,0.1,100,0,0,0,1.4,87
27/02/2023,14:13:01,21.2,21.4,20.7,22,21.5,23.1,36.3,20.8,0,100,0,0,-0.1,0,0,-0.1,0.1,100,0,0,0,1.4,88
27/02/2023,14:13:06,21.2,21.4,20.7,22,21.5,23.1,36.2,20.8,0,100,0,0,-0.1,0,0,-0.1,0.1,100,0,0,0.001,1.399,87
27/02/2023,14:13:11,21.2,21.4,20.7,22,21.5,23.1,36.1,20.8,0,100,0,0,-0.1,0,0,-0.1,0.1,100,0,0,0,1.398,87
27/02/2023,14:13:16,21.2,21.4,20.7,22,21.5,23.1,36.1,20.8,0,100,0,0,-0.1,0,0,-0.1,0.1,100,0,0,0.003,1.399,88
27/02/2023,14:13:21,21.2,21.4,20.7,22,21.5,23.1,35.9,20.8,0,100,0,0,-0.1,0,0,-0.1,0.1,100,0,0,0,1.399,88
27/02/2023,14:13:26,21.2,21.4,20.7,22,21.5,23.1,36,20.8,0,100,0,0,-0.1,0,0,-0.1,0.1,100,0,0,0.001,1.399,87
27/02/2023,14:13:31,21.2,21.4,20.7,22,21.5,23.1,35.9,20.8,0,100,0,0,-0.1,0,0,-0.1,0.1,100,0,0,0.003,1.391,87
27/02/2023,14:13:36,21.2,21.4,20.7,22,21.4,23.1,36,20.8,0,100,0,0,-0.1,0,0,-0.1,0.1,100,0,0,0.001,1.399,87
27/02/2023,14:13:41,21.2,21.4,20.7,22,21.5,23.2,36,20.8,0,100,0,0,-0.1,0,0,-0.1,0.1,100,0,0,0.001,1.398,87
27/02/2023,14:13:46,21.2,21.4,20.7,22,21.5,23.1,36,20.8,0,100,0,0,-0.1,0,0,-0.1,0.1,100,0,0,0.003,1.399,87
27/02/2023,14:13:51,21.2,21.4,20.7,22,21.5,23.2,36,20.8,0,100,0,0,-0.1,0,0,-0.1,0.1,100,0,0,0.001,1.398,87
27/02/2023,14:13:56,21.2,21.4,20.7,22,21.5,23.2,35.9,20.8,0,100,0,0,-0.1,0,0,-0.1,0.1,100,0,0,0.001,1.406,87
27/02/2023,14:14:01,21.2,21.4,20.7,22,21.5,23.2,35.8,20.8,0,100,0,0,-0.1,0,0,-0.1,0.1,100,0,0,0,1.399,87
27/02/2023,14:14:06,21.2,21.4,20.7,22,21.5,23.2,35.7,20.8,0,100,0,0,-0.1,0,0,-0.1,0.1,100,0,0,0,1.393,87
27/02/2023,14:14:11,21.2,21.4,20.7,22,21.5,23.2,35.5,20.8,0,100,0,0,-0.1,0,0,-0.1,0.1,100,0,0,0.001,1.398,87
27/02/2023,14:14:16,21.2,21.4,20.7,22,21.5,23.2,35.3,20.8,0,100,0,0,-0.1,0,0,-0.1,0.1,100,0,0,0,1.39,87
27/02/2023,14:14:21,21.2,21.4,20.7,22,21.5,23.2,35.2,20.8,0,100,0,0,-0.1,0,0,-0.1,0.1,100,0,0,0.001,1.391,88
27/02/2023,14:14:26,21.2,21.4,20.7,22,21.5,23.2,35.1,20.8,0,100,0,0,-0.1,0,0,-0.1,0.1,100,0,0,0,1.399,87
27/02/2023,14:14:31,21.2,21.4,20.7,22,21.5,23.2,35,20.8,0,100,0,0,-0.1,0,0,-0.1,0.1,100,0,0,-0.001,1.39,87
27/02/2023,14:14:36,21.2,21.4,20.7,22,21.5,23.2,35,20.8,0,100,0,0,-0.1,0,0,-0.1,0.1,100,0,0,0,1.391,87
27/02/2023,14:14:41,21.2,21.4,20.7,22,21.5,23.2,35,20.8,0,100,0,0,-0.1,0,0,-0.1,0.1,100,0,0,0,1.391,88
27/02/2023,14:14:46,21.2,21.4,20.7,22,21.5,23.2,35.1,20.8,0,100,0,0,-0.1,0,0,-0.1,0.1,100,0,0,0,1.39,87
27/02/2023,14:14:51,21.2,21.4,20.7,22,21.5,23.2,35.2,20.8,0,100,0,0,-0.1,0,0,-0.1,0.1,100,0,0,-0.001,1.391,87
27/02/2023,14:14:56,21.2,21.4,20.7,22,21.5,23.2,35.1,20.8,0,100,0,0,-0.1,0,0,-0.1,0.1,100,0,0,0,1.39,88
27/02/2023,14:15:01,21.2,21.4,20.7,22,21.5,23.2,35.2,20.8,0,100,0,0,-0.1,0,0,-0.1,0.1,100,0,0,0,1.4,87
27/02/2023,14:15:06,21.2,21.4,20.7,22,21.5,23.2,35.2,20.8,0,100,0,0,-0.1,0,0,-0.1,0.1,100,0,0,0,1.393,87
27/02/2023,14:15:11,21.2,21.4,20.7,22,21.5,23.2,35.3,20.8,0,100,0,0,-0.1,0,0,-0.1,0.1,100,0,0,0,1.401,87
27/02/2023,14:15:16,21.2,21.4,20.7,22,21.5,23.2,35.3,20.8,0,100,0,0,-0.1,0,0,-0.1,0.1,100,0,0,0.001,1.4,87
27/02/2023,14:15:21,21.2,21.4,20.7,22,21.5,23.2,35.3,20.8,0,100,0,0,-0.1,0,0,-0.1,0.1,100,0,0,-0.001,1.393,87
27/02/2023,14:15:26,21.2,21.4,20.7,22,21.5,23.2,35.3,20.8,0,100,0,0,-0.1,0,0,-0.1,0.1,100,0,0,0.001,1.393,87
27/02/2023,14:15:31,21.2,21.4,20.7,22,21.5,23.2,35.3,20.8,0,100,0,0,-0.1,0,0,-0.1,0.1,100,0,0,0.001,1.394,87
27/02/2023,14:15:36,21.2,21.4,20.7,22,21.5,23.2,35.6,20.8,0,100,0,0,-0.1,0,0,-0.1,0.1,100,0,0,0,1.4,87
27/02/2023,14:15:41,21.2,21.4,20.7,22,21.5,23.2,35.8,20.8,0,100,0,0,-0.1,0,0,-0.1,0.1,100,0,0,0.001,1.399,87
27/02/2023,14:15:46,21.2,21.4,20.7,22,21.5,23.3,35.9,20.8,0,100,0,0,-0.1,0,0,-0.1,0.1,100,0,0,0.001,1.394,87
27/02/2023,14:15:51,21.2,21.4,20.7,22,21.5,23.2,36.1,20.8,0,100,0,0,-0.1,0,0,-0.1,0.1,100,0,0,0,1.391,87
27/02/2023,14:15:56,21.2,21.4,20.7,22,21.5,23.3,36.3,20.8,0,100,0,0,-0.1,0,0,-0.1,0.1,100,0,0,0.001,1.399,87
27/02/2023,14:16:01,21.2,21.4,20.7,22,21.5,23.3,36.4,20.8,0,100,0,0,-0.1,0,0,-0.1,0.1,100,0,0,0,1.399,87
27/02/2023,14:16:06,21.2,21.4,20.7,22,21.5,23.3,36.6,20.8,0,100,0,0,-0.1,0,0,-0.1,0.1,100,0,0,0.001,1.391,88
27/02/2023,14:16:11,21.2,21.4,20.7,22,21.5,23.3,36.9,20.8,0,100,0,0,-0.1,0,0,-0.1,0.1,100,0,0,0,1.399,87
27/02/2023,14:16:16,21.2,21.4,20.7,22,21.5,23.3,37,20.8,0,100,0,0,-0.1,0,0,-0.1,0.1,100,0,0,-0.001,1.4,87
27/02/2023,14:16:21,21.2,21.4,20.7,22,21.5,23.3,37.3,20.8,0,100,0,0,-0.1,0,0,-0.1,0.1,100,0,0,0.001,1.398,87
27/02/2023,14:16:26,21.2,21.4,20.7,22,21.5,23.3,37.7,20.8,0,100,0,0,-0.1,0,0,-0.1,0.1,100,0,0,0,1.391,87
27/02/2023,14:16:31,21.2,21.4,20.7,22,21.5,23.3,38.1,20.8,0,100,0,0,-0.1,0,0,-0.1,0.1,100,0,0,-0.001,1.39,88
27/02/2023,14:16:36,21.2,21.4,20.7,22,21.5,23.3,38.6,20.8,0,100,0,0,-0.1,0,0,-0.1,0.1,100,0,0,0,1.398,87
27/02/2023,14:16:41,21.2,21.4,20.7,22,21.5,23.3,38.7,20.8,0,100,0,0,-0.1,0,0,-0.1,0.1,100,0,0,0.001,1.391,87
27/02/2023,14:16:46,21.2,21.4,20.7,22,21.5,23.3,38.7,20.8,0,100,0,0,-0.1,0,0,-0.1,0.1,100,0,0,0,1.391,88
27/02/2023,14:16:51,21.2,21.4,20.7,22,21.5,23.3,38.9,20.8,0,100,0,0,-0.1,0,0,-0.1,0.1,100,0,0,0.003,1.399,88
27/02/2023,14:16:56,21.2,21.4,20.7,22,21.5,23.3,39.1,20.8,0,100,0,0,-0.1,0,0,-0.1,0.1,100,0,0,0.001,1.399,87
27/02/2023,14:17:01,21.2,21.4,20.7,22,21.5,23.3,39.1,20.8,0,100,0,0,-0.1,0,0,-0.1,0.1,100,0,0,0.001,1.391,88
27/02/2023,14:17:06,21.2,21.4,20.7,22,21.5,23.3,38.5,20.8,0,100,0,0,-0.1,0,0,-0.1,0.1,100,0,0,0,1.391,87
27/02/2023,14:17:11,21.2,21.4,20.7,22,21.5,23.3,38.2,20.8,0,100,0,0,-0.1,0,0,-0.1,0.1,100,0,0,0.001,1.399,87
27/02/2023,14:17:16,21.2,21.4,20.7,22,21.5,23.3,38,20.8,0,100,0,0,-0.1,0,0,-0.1,0.1,100,0,0,0,1.391,87
27/02/2023,14:17:21,21.2,21.4,20.7,22,21.5,23.3,37.8,20.8,0,100,0,0,-0.1,0,0,-0.1,0.1,100,0,0,0,1.394,87
27/02/2023,14:17:26,21.2,21.4,20.7,22,21.5,23.3,37.5,20.8,0,100,0,0,-0.1,0,0,-0.1,0.1,100,0,0,0.001,1.394,87
27/02/2023,14:17:31,21.2,21.4,20.7,22,21.5,23.3,37.3,20.8,0,100,0,0,-0.1,0,0,-0.1,0.1,100,0,0,-0.001,1.39,87
27/02/2023,14:17:36,21.2,21.4,20.7,22,21.5,23.3,37.2,20.8,0,100,0,0,-0.1,0,0,-0.1,0.1,100,0,0,0.003,1.4,87
27/02/2023,14:17:41,21.2,21.4,20.7,22,21.5,23.3,37,20.8,0,100,0,0,-0.1,0,0,-0.1,0.1,100,0,0,0.001,1.399,88
27/02/2023,14:17:46,21.2,21.4,20.7,22,21.5,23.3,37.1,20.8,0,100,0,0,-0.1,0,0,-0.1,0.1,100,0,0,0,1.399,87
27/02/2023,14:17:51,21.2,21.4,20.7,22,21.5,23.3,37.1,20.8,0,100,0,0,-0.1,0,0,-0.1,0.1,100,0,0,0.001,1.398,87
27/02/2023,14:17:56,21.2,21.4,20.7,22,21.5,23.3,37.2,20.8,0,100,0,0,-0.1,0,0,-0.1,0.1,100,0,0,0,1.399,87
27/02/2023,14:18:01,21.2,21.4,20.7,22,21.5,23.3,37.4,20.8,0,100,0,0,-0.1,0,0,-0.1,0.1,100,0,0,0.001,1.398,87
27/02/2023,14:18:06,21.2,21.4,20.7,22,21.5,23.3,37.6,20.9,0,100,0,0,-0.1,0,0,-0.1,0.1,100,0,0,0,1.399,87
27/02/2023,14:18:11,21.2,21.4,20.7,22,21.5,23.4,37.8,20.8,0,100,0,0,-0.1,0,0,-0.1,0.1,100,0,0,0.001,1.4,87
27/02/2023,14:18:16,21.2,21.4,20.7,22,21.5,23.3,37.9,20.8,0,100,0,0,-0.1,0,0,-0.1,0.1,100,0,0,0,1.391,87
27/02/2023,14:18:21,21.2,21.4,20.7,22,21.5,23.3,38,20.8,0,100,0,0,-0.1,0,0,-0.1,0.1,100,0,0,0,1.4,87
27/02/2023,14:18:26,21.2,21.4,20.7,22,21.5,23.3,38,20.8,0,100,0,0,-0.1,0,0,-0.1,0.1,100,0,0,-0.001,1.399,87
27/02/2023,14:18:31,21.2,21.4,20.7,22,21.5,23.3,38,20.8,0,100,0,0,-0.1,0,0,-0.1,0.1,100,0,0,-0.001,1.393,87
27/02/2023,14:18:36,21.2,21.4,20.7,22,21.5,23.4,37.9,20.8,0,100,0,0,-0.1,0,0,-0.1,0.1,100,0,0,0,1.391,87
27/02/2023,14:18:41,21.2,21.4,20.7,22,21.5,23.4,37.9,20.8,0,100,0,0,-0.1,0,0,-0.1,0.1,100,0,0,0.001,1.399,87
27/02/2023,14:18:46,21.2,21.4,20.7,22,21.5,23.4,37.8,20.8,0,100,0,0,-0.1,0,0,-0.1,0.1,100,0,0,0,1.398,88
27/02/2023,14:18:51,21.2,21.4,20.7,22,21.5,23.4,37.5,20.8,0,100,0,0,-0.1,0,0,-0.1,0.1,100,0,0,0.001,1.399,87
27/02/2023,14:18:56,21.2,21.4,20.7,22,21.5,23.4,37.4,20.8,0,100,0,0,-0.1,0,0,-0.1,0.1,100,0,0,0.001,1.399,87
27/02/2023,14:19:01,21.2,21.4,20.7,22.1,21.5,23.4,37,20.8,0,100,0,0,-0.1,0,0,-0.1,0.1,100,0,0,0,1.39,88
27/02/2023,14:19:06,21.2,21.4,20.7,22,21.5,23.4,36.6,20.8,0,100,0,0,-0.1,0,0,-0.1,0.1,100,0,0,0,1.385,87
27/02/2023,14:19:11,21.2,21.4,20.7,22,21.5,23.4,36.2,20.8,0,100,0,0,-0.1,0,0,-0.1,0.1,100,0,0,0,1.391,87
27/02/2023,14:19:16,21.2,21.4,20.7,22,21.5,23.4,35.8,20.8,0,100,0,0,-0.1,0,0,-0.1,0.1,100,0,0,-0.004,1.391,87
27/02/2023,14:19:21,21.2,21.4,20.7,22,21.5,23.4,35.4,20.8,0,100,0,0,-0.1,0,0,-0.1,0.1,100,0,0,-0.003,1.391,87
27/02/2023,14:19:26,21.2,21.4,20.7,22,21.5,23.4,35,20.8,0,100,0,0,-0.1,0,0,-0.1,0.1,100,0,0,-0.003,1.398,87
27/02/2023,14:19:31,21.2,21.4,20.7,22,21.5,23.4,34.8,20.8,0,100,0,0,-0.1,0,0,-0.1,0.1,100,0,0,-0.003,1.396,87
27/02/2023,14:19:36,21.2,21.4,20.7,22,21.5,23.4,34.5,20.8,0,100,0,0,-0.1,0,0,-0.1,0.1,100,0,0,0,1.393,87
27/02/2023,14:19:41,21.2,21.4,20.7,22,21.5,23.4,34.2,20.8,0,100,0,0,-0.1,0,0,-0.1,0.1,100,0,0,-0.003,1.39,87
27/02/2023,14:19:46,21.2,21.4,20.7,22,21.5,23.4,33.9,20.8,0,100,0,0,-0.1,0,0,-0.1,0.1,100,0,0,-0.001,1.399,88
27/02/2023,14:19:51,21.2,21.4,20.7,22,21.5,23.4,33.8,20.8,0,100,0,0,-0.1,0,0,-0.1,0.1,100,0,0,-0.003,1.399,87
27/02/2023,14:19:56,21.2,21.4,20.7,22,21.5,23.4,33.6,20.8,0,100,0,0,-0.1,0,0,-0.1,0.1,100,0,0,-0.001,1.391,87
27/02/2023,14:20:01,21.2,21.4,20.7,22,21.5,23.4,33.6,20.8,0,100,0,0,-0.1,0,0,-0.1,0.1,100,0,0,0,1.393,87
27/02/2023,14:20:06,21.2,21.4,20.7,22,21.5,23.4,33.6,20.8,0,100,0,0,-0.1,0,0,-0.1,0.1,100,0,0,-0.001,1.391,88
27/02/2023,14:20:11,21.2,21.4,20.7,22,21.5,23.4,33.6,20.8,0,100,0,0,-0.1,0,0,-0.1,0.1,100,0,0,-0.003,1.399,87
27/02/2023,14:20:16,21.2,21.4,20.7,22,21.5,23.4,33.6,20.8,0,100,0,0,-0.1,0,0,-0.1,0.1,100,0,0,0,1.399,86
27/02/2023,14:20:21,21.2,21.4,20.7,22,21.5,23.4,33.6,20.8,0,100,0,0,-0.1,0,0,-0.1,0.1,100,0,0,-0.001,1.39,87
27/02/2023,14:20:26,21.2,21.4,20.7,22,21.5,23.4,33.6,20.8,0,100,0,0,-0.1,0,0,-0.1,0.1,100,0,0,-0.001,1.39,87
27/02/2023,14:20:31,21.2,21.4,20.7,22,21.5,23.4,33.7,20.8,0,100,0,0,-0.1,0,0,-0.1,0.1,100,0,0,-0.001,1.399,87
27/02/2023,14:20:36,21.2,21.4,20.7,22,21.5,23.4,33.8,20.8,0,100,0,0,-0.1,0,0,-0.1,0.1,100,0,0,-0.001,1.399,87
27/02/2023,14:20:41,21.2,21.4,20.7,22,21.5,23.5,33.9,20.8,0,100,0,0,-0.1,0,0,-0.1,0.1,100,0,0,0,1.399,87
27/02/2023,14:20:46,21.2,21.4,20.7,22,21.5,23.4,34,20.8,0,100,0,0,-0.1,0,0,-0.1,0.1,100,0,0,-0.003,1.391,87
27/02/2023,14:20:51,21.2,21.4,20.7,22,21.5,23.4,34,20.8,0,100,0,0,-0.1,0,0,-0.1,0.1,100,0,0,0,1.391,87
27/02/2023,14:20:56,21.2,21.4,20.7,22,21.5,23.5,34.2,20.8,0,100,0,0,-0.1,0,0,-0.1,0.1,100,0,0,0,1.399,87
27/02/2023,14:21:01,21.2,21.4,20.7,22,21.5,23.5,34.4,20.8,0,100,0,0,-0.1,0,0,-0.1,0.1,100,0,0,0,1.391,87
27/02/2023,14:21:06,21.2,21.4,20.7,22,21.5,23.5,34.6,20.8,0,100,0,0,-0.1,0,0,-0.1,0.1,100,0,0,-0.001,1.391,87
27/02/2023,14:21:11,21.2,21.4,20.7,22,21.5,23.5,34.8,20.8,0,100,0,0,-0.1,0,0,-0.1,0.1,100,0,0,-0.003,1.39,87
27/02/2023,14:21:16,21.2,21.4,20.7,22,21.5,23.5,34.9,20.8,0,100,0,0,-0.1,0,0,-0.1,0.1,100,0,0,-0.003,1.39,87
27/02/2023,14:21:21,21.2,21.4,20.7,22,21.5,23.5,35.2,20.8,0,100,0,0,-0.1,0,0,-0.1,0.1,100,0,0,-0.001,1.399,87
27/02/2023,14:21:26,21.2,21.4,20.7,22,21.5,23.5,35.3,20.8,0,100,0,0,-0.1,0,0,-0.1,0.1,100,0,0,0,1.39,87
27/02/2023,14:21:31,21.2,21.4,20.7,22,21.5,23.5,35.5,20.8,0,100,0,0,-0.1,0,0,-0.1,0.1,100,0,0,-0.001,1.39,87
27/02/2023,14:21:36,21.2,21.4,20.7,22,21.5,23.5,35.7,20.8,0,100,0,0,-0.1,0,0,-0.1,0.1,100,0,0,0,1.391,87
